INSERT INTO academico.categoria (id, nombre, imagen, svg_path) VALUES (1, 'Ingeniería & Tecnología', 'https://images.unsplash.com/photo-1518770660439-4636190af475?auto=format&fit=crop&q=80&w=600', 'M10 20l4-16m4 4l4 4-4 4M6 16l-4-4 4-4');
INSERT INTO academico.categoria (id, nombre, imagen, svg_path) VALUES (2, 'Ciencias de la Salud', 'https://images.unsplash.com/photo-1505751172876-fa1923c5c528?auto=format&fit=crop&q=80&w=600', 'M4.318 6.318a4.5 4.5 0 000 6.364L12 20.364l7.682-7.682a4.5 4.5 0 00-6.364-6.364L12 7.636l-1.318-1.318a4.5 4.5 0 00-6.364 0z');
INSERT INTO academico.categoria (id, nombre, imagen, svg_path) VALUES (3, 'Ciencias Sociales', 'https://images.unsplash.com/photo-1529156069898-49953e39b3ac?auto=format&fit=crop&q=80&w=600', 'M21 12a9 9 0 01-9 9m9-9a9 9 0 00-9-9m9 9H3m9 9a9 9 0 01-9-9m9 9c1.657 0 3-4.03 3-9s-1.343-9-3-9m0 18c-1.657 0-3-4.03-3-9s1.343-9 3-9m-9 9a9 9 0 019-9');
INSERT INTO academico.categoria (id, nombre, imagen, svg_path) VALUES (4, 'Negocios & Administración', 'https://images.unsplash.com/photo-1454165804606-c3d57bc86b40?auto=format&fit=crop&q=80&w=600', 'M21 13.255A23.931 23.931 0 0112 15c-3.183 0-6.22-.62-9-1.745M16 6V4a2 2 0 00-2-2h-4a2 2 0 00-2 2v2m4 6h.01M5 20h14a2 2 0 002-2V8a2 2 0 00-2-2H5a2 2 0 00-2 2v10a2 2 0 002 2z');
INSERT INTO academico.categoria (id, nombre, imagen, svg_path) VALUES (5, 'Arte & Humanidades', 'https://images.unsplash.com/photo-1460661419201-fd4cecdf8a8b?auto=format&fit=crop&q=80&w=600', 'M15.232 5.232l3.536 3.536m-2.036-5.036a2.5 2.5 0 113.536 3.536L6.5 21.036H3v-3.572L16.732 3.732z');
INSERT INTO academico.categoria (id, nombre, imagen, svg_path) VALUES (6, 'Ciencias Exactas', 'https://images.unsplash.com/photo-1635070041078-e363dbe005cb?auto=format&fit=crop&q=80&w=600', 'M19.428 15.428a2 2 0 00-1.022-.547l-2.387-.477a6 6 0 00-3.86.517l-.318.158a6 6 0 01-3.86.517L6.05 15.21a2 2 0 00-1.806.547M8 4h8l-1 1v5.172a2 2 0 00.586 1.414l5 5c1.26 1.26.367 3.414-1.415 3.414H4.828c-1.782 0-2.674-2.154-1.414-3.414l5-5A2 2 0 009 10.172V5L8 4z');
INSERT INTO academico.carrera (id, categoria_id, nombre, descripcion, perfil_egresado, imagen, sucursales, campo_laboral) VALUES (101, 1, 'Ingeniería de Sistemas', 'Diseña, desarrolla y administra sistemas de información complejos orientados a resolver necesidades empresariales.', 'El egresado de Ingeniería de Sistemas es un profesional preparado para diseñar infraestructuras tecnológicas y liderar la transformación digital empresarial.', 'https://images.unsplash.com/photo-1517694712202-14dd9538aa97?auto=format&fit=crop&q=80&w=600', '{"Lima","Arequipa"}', '{"Gerente de Tecnologías de la Información (TI)","Consultor de Seguridad Informática y Auditor de TI","Arquitecto de Soluciones Cloud empresariales","Analista y Diseñador de Sistemas de Base de Datos"}');
INSERT INTO academico.malla_curricular (id, carrera_id, ciclo, curso) VALUES (1, 101, 'Ciclo I', 'Introducción a los Sistemas');
INSERT INTO academico.malla_curricular (id, carrera_id, ciclo, curso) VALUES (2, 101, 'Ciclo I', 'Matemática I');
INSERT INTO academico.malla_curricular (id, carrera_id, ciclo, curso) VALUES (3, 101, 'Ciclo I', 'Comprensión Escrita');
INSERT INTO academico.malla_curricular (id, carrera_id, ciclo, curso) VALUES (4, 101, 'Ciclo III', 'Estructuras de Datos');
INSERT INTO academico.malla_curricular (id, carrera_id, ciclo, curso) VALUES (5, 101, 'Ciclo III', 'Cálculo Aplicado');
INSERT INTO academico.malla_curricular (id, carrera_id, ciclo, curso) VALUES (6, 101, 'Ciclo III', 'Física General');
INSERT INTO academico.malla_curricular (id, carrera_id, ciclo, curso) VALUES (7, 101, 'Ciclo V', 'Base de Datos I');
INSERT INTO academico.malla_curricular (id, carrera_id, ciclo, curso) VALUES (8, 101, 'Ciclo V', 'Ingeniería de Requerimientos');
INSERT INTO academico.malla_curricular (id, carrera_id, ciclo, curso) VALUES (9, 101, 'Ciclo V', 'Estadística');
INSERT INTO academico.malla_curricular (id, carrera_id, ciclo, curso) VALUES (10, 101, 'Ciclo VII', 'Arquitectura Cloud');
INSERT INTO academico.malla_curricular (id, carrera_id, ciclo, curso) VALUES (11, 101, 'Ciclo VII', 'Seguridad de la Información');
INSERT INTO academico.malla_curricular (id, carrera_id, ciclo, curso) VALUES (12, 101, 'Ciclo VII', 'Redes de Computadoras');
INSERT INTO academico.malla_curricular (id, carrera_id, ciclo, curso) VALUES (13, 101, 'Ciclo X', 'Proyecto de Fin de Carrera II');
INSERT INTO academico.malla_curricular (id, carrera_id, ciclo, curso) VALUES (14, 101, 'Ciclo X', 'Gobernanza de TI');
INSERT INTO academico.malla_curricular (id, carrera_id, ciclo, curso) VALUES (15, 101, 'Ciclo X', 'Ética Profesional');
INSERT INTO academico.carrera (id, categoria_id, nombre, descripcion, perfil_egresado, imagen, sucursales, campo_laboral) VALUES (102, 1, 'Ingeniería de Software', 'Especialízate en la construcción de software robusto, escalable y con altos estándares de calidad y UX.', 'El egresado es un desarrollador experto en el ciclo completo de software, desde la concepción hasta el despliegue continuo con alta experiencia de usuario (UX).', 'https://images.unsplash.com/photo-1605379399642-870262d3d051?auto=format&fit=crop&q=80&w=600', '{"Lima"}', '{"Desarrollador Full-Stack (Web y Móvil)","Líder Técnico de Software (Tech Lead)","Ingeniero de DevOps y Automatización","Especialista en QA (Quality Assurance) y Testing"}');
INSERT INTO academico.malla_curricular (id, carrera_id, ciclo, curso) VALUES (16, 102, 'Ciclo I', 'Introducción a la Programación');
INSERT INTO academico.malla_curricular (id, carrera_id, ciclo, curso) VALUES (17, 102, 'Ciclo I', 'Matemática Básica');
INSERT INTO academico.malla_curricular (id, carrera_id, ciclo, curso) VALUES (18, 102, 'Ciclo I', 'Redacción Técnica');
INSERT INTO academico.malla_curricular (id, carrera_id, ciclo, curso) VALUES (19, 102, 'Ciclo III', 'Programación Orientada a Objetos');
INSERT INTO academico.malla_curricular (id, carrera_id, ciclo, curso) VALUES (20, 102, 'Ciclo III', 'Estructura de Datos');
INSERT INTO academico.malla_curricular (id, carrera_id, ciclo, curso) VALUES (21, 102, 'Ciclo III', 'Álgebra Lineal');
INSERT INTO academico.malla_curricular (id, carrera_id, ciclo, curso) VALUES (22, 102, 'Ciclo V', 'Desarrollo Web Fullstack');
INSERT INTO academico.malla_curricular (id, carrera_id, ciclo, curso) VALUES (23, 102, 'Ciclo V', 'Patrones de Diseño de Software');
INSERT INTO academico.malla_curricular (id, carrera_id, ciclo, curso) VALUES (24, 102, 'Ciclo V', 'Base de Datos II');
INSERT INTO academico.malla_curricular (id, carrera_id, ciclo, curso) VALUES (25, 102, 'Ciclo VII', 'Ingeniería de Software Móvil');
INSERT INTO academico.malla_curricular (id, carrera_id, ciclo, curso) VALUES (26, 102, 'Ciclo VII', 'Integración y Despliegue Continuo (DevOps)');
INSERT INTO academico.malla_curricular (id, carrera_id, ciclo, curso) VALUES (27, 102, 'Ciclo VII', 'UX/UI');
INSERT INTO academico.malla_curricular (id, carrera_id, ciclo, curso) VALUES (28, 102, 'Ciclo X', 'Proyecto de Tesis II');
INSERT INTO academico.malla_curricular (id, carrera_id, ciclo, curso) VALUES (29, 102, 'Ciclo X', 'Arquitectura de Software Distribuido');
INSERT INTO academico.malla_curricular (id, carrera_id, ciclo, curso) VALUES (30, 102, 'Ciclo X', 'Gestión de Proyectos Ágiles');
INSERT INTO academico.carrera (id, categoria_id, nombre, descripcion, perfil_egresado, imagen, sucursales, campo_laboral) VALUES (103, 1, 'Ingeniería Civil', 'Planifica, diseña y gestiona infraestructuras civiles modernas, seguras y respetuosas con el medio ambiente.', 'Profesional capaz de dirigir obras de construcción, realizar cálculos estructurales complejos e implementar planes de ordenamiento territorial.', 'https://images.unsplash.com/photo-1565008447742-97f6f38c985c?auto=format&fit=crop&q=80&w=600', '{"Arequipa"}', '{"Director de Obras y Construcciones Civiles","Diseñador de Estructuras y Cimentaciones","Consultor en Mecánica de Suelos e Hidrología","Auditor de Seguridad de Obras de Infraestructura"}');
INSERT INTO academico.malla_curricular (id, carrera_id, ciclo, curso) VALUES (31, 103, 'Ciclo I', 'Introducción a la Ingeniería Civil');
INSERT INTO academico.malla_curricular (id, carrera_id, ciclo, curso) VALUES (32, 103, 'Ciclo I', 'Geometría Descriptiva');
INSERT INTO academico.malla_curricular (id, carrera_id, ciclo, curso) VALUES (33, 103, 'Ciclo I', 'Química Aplicada');
INSERT INTO academico.malla_curricular (id, carrera_id, ciclo, curso) VALUES (34, 103, 'Ciclo III', 'Topografía General');
INSERT INTO academico.malla_curricular (id, carrera_id, ciclo, curso) VALUES (35, 103, 'Ciclo III', 'Cálculo Integral');
INSERT INTO academico.malla_curricular (id, carrera_id, ciclo, curso) VALUES (36, 103, 'Ciclo III', 'Estática');
INSERT INTO academico.malla_curricular (id, carrera_id, ciclo, curso) VALUES (37, 103, 'Ciclo V', 'Resistencia de Materiales');
INSERT INTO academico.malla_curricular (id, carrera_id, ciclo, curso) VALUES (38, 103, 'Ciclo V', 'Mecánica de Fluidos');
INSERT INTO academico.malla_curricular (id, carrera_id, ciclo, curso) VALUES (39, 103, 'Ciclo V', 'Tecnología del Concreto');
INSERT INTO academico.malla_curricular (id, carrera_id, ciclo, curso) VALUES (40, 103, 'Ciclo VII', 'Análisis Estructural I');
INSERT INTO academico.malla_curricular (id, carrera_id, ciclo, curso) VALUES (41, 103, 'Ciclo VII', 'Ingeniería Geotécnica');
INSERT INTO academico.malla_curricular (id, carrera_id, ciclo, curso) VALUES (42, 103, 'Ciclo VII', 'Abastecimiento de Agua');
INSERT INTO academico.malla_curricular (id, carrera_id, ciclo, curso) VALUES (43, 103, 'Ciclo X', 'Gestión y Costos de Obras II');
INSERT INTO academico.malla_curricular (id, carrera_id, ciclo, curso) VALUES (44, 103, 'Ciclo X', 'Diseño Sismorresistente');
INSERT INTO academico.malla_curricular (id, carrera_id, ciclo, curso) VALUES (45, 103, 'Ciclo X', 'Ingeniería de Puentes');
INSERT INTO academico.carrera (id, categoria_id, nombre, descripcion, perfil_egresado, imagen, sucursales, campo_laboral) VALUES (104, 1, 'Ingeniería Industrial', 'Optimiza procesos productivos, logísticos y administrativos en organizaciones para mejorar la rentabilidad.', 'El ingeniero industrial de UTP diseña y mejora sistemas de producción de bienes y servicios integrando talento humano, tecnología y finanzas.', 'https://images.unsplash.com/photo-1504307651254-35680f356dfd?auto=format&fit=crop&q=80&w=600', '{"Lima","Arequipa"}', '{"Gerente de Operaciones y Cadena de Suministro (Supply Chain)","Consultor en Mejora Continua y Metodología Lean Six Sigma","Jefe de Seguridad Industrial y Salud Ocupacional","Analista Financiero y de Planeamiento Estratégico"}');
INSERT INTO academico.malla_curricular (id, carrera_id, ciclo, curso) VALUES (46, 104, 'Ciclo I', 'Introducción a la Ingeniería Industrial');
INSERT INTO academico.malla_curricular (id, carrera_id, ciclo, curso) VALUES (47, 104, 'Ciclo I', 'Química General');
INSERT INTO academico.malla_curricular (id, carrera_id, ciclo, curso) VALUES (48, 104, 'Ciclo I', 'Matemática Básica');
INSERT INTO academico.malla_curricular (id, carrera_id, ciclo, curso) VALUES (49, 104, 'Ciclo III', 'Física de Campos');
INSERT INTO academico.malla_curricular (id, carrera_id, ciclo, curso) VALUES (50, 104, 'Ciclo III', 'Termodinámica');
INSERT INTO academico.malla_curricular (id, carrera_id, ciclo, curso) VALUES (51, 104, 'Ciclo III', 'Dibujo de Ingeniería');
INSERT INTO academico.malla_curricular (id, carrera_id, ciclo, curso) VALUES (52, 104, 'Ciclo V', 'Estudio del Trabajo');
INSERT INTO academico.malla_curricular (id, carrera_id, ciclo, curso) VALUES (53, 104, 'Ciclo V', 'Costos y Presupuestos');
INSERT INTO academico.malla_curricular (id, carrera_id, ciclo, curso) VALUES (54, 104, 'Ciclo V', 'Estadística Inferencial');
INSERT INTO academico.malla_curricular (id, carrera_id, ciclo, curso) VALUES (55, 104, 'Ciclo VII', 'Investigación de Operaciones I');
INSERT INTO academico.malla_curricular (id, carrera_id, ciclo, curso) VALUES (56, 104, 'Ciclo VII', 'Logística y Suministros');
INSERT INTO academico.malla_curricular (id, carrera_id, ciclo, curso) VALUES (57, 104, 'Ciclo VII', 'Control de Calidad');
INSERT INTO academico.malla_curricular (id, carrera_id, ciclo, curso) VALUES (58, 104, 'Ciclo X', 'Dirección Estratégica');
INSERT INTO academico.malla_curricular (id, carrera_id, ciclo, curso) VALUES (59, 104, 'Ciclo X', 'Formulación de Proyectos de Inversión');
INSERT INTO academico.malla_curricular (id, carrera_id, ciclo, curso) VALUES (60, 104, 'Ciclo X', 'Automatización de Procesos');
INSERT INTO academico.carrera (id, categoria_id, nombre, descripcion, perfil_egresado, imagen, sucursales, campo_laboral) VALUES (201, 2, 'Medicina Humana', 'Diagnostica y trata enfermedades para preservar y restaurar la salud humana con alto sentido ético.', 'Médico cirujano íntegro, con sólidas bases científicas y humanistas capacitado para atender problemas médicos complejos y liderar la prevención comunitaria.', 'https://images.unsplash.com/photo-1537368910025-700350fe46c7?auto=format&fit=crop&q=80&w=600', '{"Lima","Arequipa"}', '{"Médico en Hospitales Públicos y Clínicas Privadas","Investigador Científico y Académico de Medicina","Consultor en Políticas Públicas de Salud","Gestor y Administrador de Servicios Sanitarios"}');
INSERT INTO academico.malla_curricular (id, carrera_id, ciclo, curso) VALUES (61, 201, 'Ciclo I', 'Anatomía Humana General');
INSERT INTO academico.malla_curricular (id, carrera_id, ciclo, curso) VALUES (62, 201, 'Ciclo I', 'Biología Celular');
INSERT INTO academico.malla_curricular (id, carrera_id, ciclo, curso) VALUES (63, 201, 'Ciclo I', 'Química Orgánica');
INSERT INTO academico.malla_curricular (id, carrera_id, ciclo, curso) VALUES (64, 201, 'Ciclo III', 'Fisiología Médica');
INSERT INTO academico.malla_curricular (id, carrera_id, ciclo, curso) VALUES (65, 201, 'Ciclo III', 'Histología y Embriología');
INSERT INTO academico.malla_curricular (id, carrera_id, ciclo, curso) VALUES (66, 201, 'Ciclo III', 'Bioestadística');
INSERT INTO academico.malla_curricular (id, carrera_id, ciclo, curso) VALUES (67, 201, 'Ciclo V', 'Farmacología Clínica');
INSERT INTO academico.malla_curricular (id, carrera_id, ciclo, curso) VALUES (68, 201, 'Ciclo V', 'Inmunología');
INSERT INTO academico.malla_curricular (id, carrera_id, ciclo, curso) VALUES (69, 201, 'Ciclo V', 'Patología General');
INSERT INTO academico.malla_curricular (id, carrera_id, ciclo, curso) VALUES (70, 201, 'Ciclo VII', 'Medicina Interna I');
INSERT INTO academico.malla_curricular (id, carrera_id, ciclo, curso) VALUES (71, 201, 'Ciclo VII', 'Pediatría Básica');
INSERT INTO academico.malla_curricular (id, carrera_id, ciclo, curso) VALUES (72, 201, 'Ciclo VII', 'Cirugía General I');
INSERT INTO academico.malla_curricular (id, carrera_id, ciclo, curso) VALUES (73, 201, 'Ciclo X / Internado', 'Rotación Internado Médico: Ginecología, Cirugía, Pediatría');
INSERT INTO academico.malla_curricular (id, carrera_id, ciclo, curso) VALUES (74, 201, 'Ciclo X / Internado', 'Medicina Forense');
INSERT INTO academico.carrera (id, categoria_id, nombre, descripcion, perfil_egresado, imagen, sucursales, campo_laboral) VALUES (202, 2, 'Enfermería', 'Brinda cuidado integral de salud a pacientes, familias y comunidades en todas las etapas de la vida.', 'Profesional de la salud con alto sentido de empatía y liderazgo científico, capaz de gestionar cuidados de enfermería complejos en pacientes críticos.', 'https://images.unsplash.com/photo-1576765608535-5f04d1e3f289?auto=format&fit=crop&q=80&w=600', '{"Arequipa"}', '{"Enfermero Clínico en Áreas Críticas (UCI, Neonatología, Quirófanos)","Coordinador de Centros de Salud Comunitarios y Primer Nivel","Gestor de Programas preventivo-promocionales de salud ocupacional","Docencia universitaria e investigación en enfermería"}');
INSERT INTO academico.malla_curricular (id, carrera_id, ciclo, curso) VALUES (75, 202, 'Ciclo I', 'Fundamentos de Enfermería');
INSERT INTO academico.malla_curricular (id, carrera_id, ciclo, curso) VALUES (76, 202, 'Ciclo I', 'Bioquímica');
INSERT INTO academico.malla_curricular (id, carrera_id, ciclo, curso) VALUES (77, 202, 'Ciclo I', 'Anatomía Básica');
INSERT INTO academico.malla_curricular (id, carrera_id, ciclo, curso) VALUES (78, 202, 'Ciclo III', 'Enfermería en Salud de la Mujer');
INSERT INTO academico.malla_curricular (id, carrera_id, ciclo, curso) VALUES (79, 202, 'Ciclo III', 'Microbiología y Parasitología');
INSERT INTO academico.malla_curricular (id, carrera_id, ciclo, curso) VALUES (80, 202, 'Ciclo III', 'Nutrición');
INSERT INTO academico.malla_curricular (id, carrera_id, ciclo, curso) VALUES (81, 202, 'Ciclo V', 'Enfermería en Salud del Niño y Adolescente I');
INSERT INTO academico.malla_curricular (id, carrera_id, ciclo, curso) VALUES (82, 202, 'Ciclo V', 'Fisiopatología');
INSERT INTO academico.malla_curricular (id, carrera_id, ciclo, curso) VALUES (83, 202, 'Ciclo V', 'Farmacología en Enfermería');
INSERT INTO academico.malla_curricular (id, carrera_id, ciclo, curso) VALUES (84, 202, 'Ciclo VII', 'Enfermería del Adulto Mayor y Paciente Crítico');
INSERT INTO academico.malla_curricular (id, carrera_id, ciclo, curso) VALUES (85, 202, 'Ciclo VII', 'Salud Pública');
INSERT INTO academico.malla_curricular (id, carrera_id, ciclo, curso) VALUES (86, 202, 'Ciclo VII', 'Administración en Salud');
INSERT INTO academico.malla_curricular (id, carrera_id, ciclo, curso) VALUES (87, 202, 'Ciclo X', 'Internado de Enfermería Comunitaria y Hospitalaria');
INSERT INTO academico.malla_curricular (id, carrera_id, ciclo, curso) VALUES (88, 202, 'Ciclo X', 'Ética y Deontología');
INSERT INTO academico.carrera (id, categoria_id, nombre, descripcion, perfil_egresado, imagen, sucursales, campo_laboral) VALUES (203, 2, 'Psicología Clínica', 'Evalúa, diagnostica e interviene en problemas de salud mental y bienestar emocional de las personas.', 'Psicólogo clínico preparado para realizar psicoterapias, evaluaciones de salud mental fundamentadas y consultoría especializada.', 'https://images.unsplash.com/photo-1527689368864-3a821dbccc34?auto=format&fit=crop&q=80&w=600', '{"Lima"}', '{"Psicoterapeuta en consulta privada e institucional","Especialista en Salud Mental en Hospitales y Centros de Salud","Consultor en Programas de Prevención de Adicciones y Violencia","Perito Psicólogo en Áreas Legales y Forenses"}');
INSERT INTO academico.malla_curricular (id, carrera_id, ciclo, curso) VALUES (89, 203, 'Ciclo I', 'Bases Biológicas del Comportamiento');
INSERT INTO academico.malla_curricular (id, carrera_id, ciclo, curso) VALUES (90, 203, 'Ciclo I', 'Introducción a la Psicología');
INSERT INTO academico.malla_curricular (id, carrera_id, ciclo, curso) VALUES (91, 203, 'Ciclo I', 'Filosofía');
INSERT INTO academico.malla_curricular (id, carrera_id, ciclo, curso) VALUES (92, 203, 'Ciclo III', 'Psicología del Desarrollo I');
INSERT INTO academico.malla_curricular (id, carrera_id, ciclo, curso) VALUES (93, 203, 'Ciclo III', 'Procesos Cognitivos');
INSERT INTO academico.malla_curricular (id, carrera_id, ciclo, curso) VALUES (94, 203, 'Ciclo III', 'Estadística Descriptiva');
INSERT INTO academico.malla_curricular (id, carrera_id, ciclo, curso) VALUES (95, 203, 'Ciclo V', 'Psicopatología General');
INSERT INTO academico.malla_curricular (id, carrera_id, ciclo, curso) VALUES (96, 203, 'Ciclo V', 'Técnicas de Evaluación Psicológica');
INSERT INTO academico.malla_curricular (id, carrera_id, ciclo, curso) VALUES (97, 203, 'Ciclo V', 'Neuropsicología');
INSERT INTO academico.malla_curricular (id, carrera_id, ciclo, curso) VALUES (98, 203, 'Ciclo VII', 'Terapia Cognitivo-Conductual');
INSERT INTO academico.malla_curricular (id, carrera_id, ciclo, curso) VALUES (99, 203, 'Ciclo VII', 'Psicología Clínica de Niños');
INSERT INTO academico.malla_curricular (id, carrera_id, ciclo, curso) VALUES (100, 203, 'Ciclo VII', 'Entrevista Psicológica');
INSERT INTO academico.malla_curricular (id, carrera_id, ciclo, curso) VALUES (101, 203, 'Ciclo X', 'Internado en Psicología Clínica');
INSERT INTO academico.malla_curricular (id, carrera_id, ciclo, curso) VALUES (102, 203, 'Ciclo X', 'Ética y Deontología Profesional');
INSERT INTO academico.carrera (id, categoria_id, nombre, descripcion, perfil_egresado, imagen, sucursales, campo_laboral) VALUES (204, 2, 'Odontología', 'Previene, diagnostica y trata problemas de salud bucodental mejorando la calidad de vida de los pacientes.', 'El egresado cuenta con alta destreza clínica y tecnológica para realizar tratamientos de restauración, cirugía oral y ortodoncia con enfoque estético y funcional.', 'https://images.unsplash.com/photo-1588776814546-1ffcf47267a5?auto=format&fit=crop&q=80&w=600', '{"Lima","Arequipa"}', '{"Cirujano Dentista en Clínicas Dentales Privadas","Odontólogo en el Sector de Salud Pública (MINSA, EsSalud)","Especialista en Ortodoncia, Periodoncia o Endodoncia","Asesor de Equipamiento e Insumos Odontológicos"}');
INSERT INTO academico.malla_curricular (id, carrera_id, ciclo, curso) VALUES (103, 204, 'Ciclo I', 'Anatomía Humana e Histología');
INSERT INTO academico.malla_curricular (id, carrera_id, ciclo, curso) VALUES (104, 204, 'Ciclo I', 'Biología Humana');
INSERT INTO academico.malla_curricular (id, carrera_id, ciclo, curso) VALUES (105, 204, 'Ciclo I', 'Fundamentos de Odontología');
INSERT INTO academico.malla_curricular (id, carrera_id, ciclo, curso) VALUES (106, 204, 'Ciclo III', 'Fisiología y Bioquímica Oral');
INSERT INTO academico.malla_curricular (id, carrera_id, ciclo, curso) VALUES (107, 204, 'Ciclo III', 'Patología General');
INSERT INTO academico.malla_curricular (id, carrera_id, ciclo, curso) VALUES (108, 204, 'Ciclo III', 'Materiales Dentales');
INSERT INTO academico.malla_curricular (id, carrera_id, ciclo, curso) VALUES (109, 204, 'Ciclo V', 'Radiología Dental');
INSERT INTO academico.malla_curricular (id, carrera_id, ciclo, curso) VALUES (110, 204, 'Ciclo V', 'Farmacología y Anestesiología');
INSERT INTO academico.malla_curricular (id, carrera_id, ciclo, curso) VALUES (111, 204, 'Ciclo V', 'Cariología');
INSERT INTO academico.malla_curricular (id, carrera_id, ciclo, curso) VALUES (112, 204, 'Ciclo VII', 'Clínica de Endodoncia y Periodoncia I');
INSERT INTO academico.malla_curricular (id, carrera_id, ciclo, curso) VALUES (113, 204, 'Ciclo VII', 'Odontopediatría');
INSERT INTO academico.malla_curricular (id, carrera_id, ciclo, curso) VALUES (114, 204, 'Ciclo VII', 'Cirugía Bucal I');
INSERT INTO academico.malla_curricular (id, carrera_id, ciclo, curso) VALUES (115, 204, 'Ciclo X', 'Internado Clínico Odontológico');
INSERT INTO academico.malla_curricular (id, carrera_id, ciclo, curso) VALUES (116, 204, 'Ciclo X', 'Gerencia en Servicios Odontológicos');
INSERT INTO academico.carrera (id, categoria_id, nombre, descripcion, perfil_egresado, imagen, sucursales, campo_laboral) VALUES (301, 3, 'Derecho', 'Asesora legalmente y defiende la justicia en base al marco normativo constitucional y legal de la sociedad.', 'Abogado con capacidad argumentativa, resolución pacífica de conflictos y alta ética legal para actuar ante los tribunales y asesorar corporativamente.', 'https://images.unsplash.com/photo-1589829545856-d10d557cf95f?auto=format&fit=crop&q=80&w=600', '{"Lima","Arequipa"}', '{"Abogado Litigante y Defensor en Tribunales de Justicia","Asesor Legal Corporativo en Empresas e Instituciones Financieras","Magistrado, Juez, Fiscal o Notario Público","Consultor en Materia Tributaria, Laboral o Civil"}');
INSERT INTO academico.malla_curricular (id, carrera_id, ciclo, curso) VALUES (117, 301, 'Ciclo I', 'Introducción al Derecho');
INSERT INTO academico.malla_curricular (id, carrera_id, ciclo, curso) VALUES (118, 301, 'Ciclo I', 'Derecho Romano');
INSERT INTO academico.malla_curricular (id, carrera_id, ciclo, curso) VALUES (119, 301, 'Ciclo I', 'Teoría del Estado');
INSERT INTO academico.malla_curricular (id, carrera_id, ciclo, curso) VALUES (120, 301, 'Ciclo III', 'Derecho Civil Personas');
INSERT INTO academico.malla_curricular (id, carrera_id, ciclo, curso) VALUES (121, 301, 'Ciclo III', 'Derecho Constitucional');
INSERT INTO academico.malla_curricular (id, carrera_id, ciclo, curso) VALUES (122, 301, 'Ciclo III', 'Teoría del Acto Jurídico');
INSERT INTO academico.malla_curricular (id, carrera_id, ciclo, curso) VALUES (123, 301, 'Ciclo V', 'Derecho Penal General');
INSERT INTO academico.malla_curricular (id, carrera_id, ciclo, curso) VALUES (124, 301, 'Ciclo V', 'Derecho de Obligaciones');
INSERT INTO academico.malla_curricular (id, carrera_id, ciclo, curso) VALUES (125, 301, 'Ciclo V', 'Derecho Laboral I');
INSERT INTO academico.malla_curricular (id, carrera_id, ciclo, curso) VALUES (126, 301, 'Ciclo VII', 'Derecho Procesal Civil I');
INSERT INTO academico.malla_curricular (id, carrera_id, ciclo, curso) VALUES (127, 301, 'Ciclo VII', 'Contratos Típicos');
INSERT INTO academico.malla_curricular (id, carrera_id, ciclo, curso) VALUES (128, 301, 'Ciclo VII', 'Derecho Administrativo');
INSERT INTO academico.malla_curricular (id, carrera_id, ciclo, curso) VALUES (129, 301, 'Ciclo X', 'Taller de Práctica Forense');
INSERT INTO academico.malla_curricular (id, carrera_id, ciclo, curso) VALUES (130, 301, 'Ciclo X', 'Derecho Ambiental y Minero');
INSERT INTO academico.malla_curricular (id, carrera_id, ciclo, curso) VALUES (131, 301, 'Ciclo X', 'Filosofía del Derecho');
INSERT INTO academico.carrera (id, categoria_id, nombre, descripcion, perfil_egresado, imagen, sucursales, campo_laboral) VALUES (302, 3, 'Psicología Organizacional', 'Gestiona el talento humano en las organizaciones fomentando un clima laboral saludable y de alta productividad.', 'Líder en selección de personal, capacitación, evaluación del desempeño y planes de desarrollo del clima y la cultura corporativa.', 'https://images.unsplash.com/photo-1573497019940-1c28c88b4f3e?auto=format&fit=crop&q=80&w=600', '{"Arequipa"}', '{"Gerente o Director de Recursos Humanos","Consultor en Clima Laboral y Cambio Organizacional","Especialista en Reclutamiento y Selección Headhunting","Analista de Capacitación y Desarrollo del Talento"}');
INSERT INTO academico.malla_curricular (id, carrera_id, ciclo, curso) VALUES (132, 302, 'Ciclo I', 'Introducción a la Psicología');
INSERT INTO academico.malla_curricular (id, carrera_id, ciclo, curso) VALUES (133, 302, 'Ciclo I', 'Sociología Organizacional');
INSERT INTO academico.malla_curricular (id, carrera_id, ciclo, curso) VALUES (134, 302, 'Ciclo I', 'Matemática Aplicada');
INSERT INTO academico.malla_curricular (id, carrera_id, ciclo, curso) VALUES (135, 302, 'Ciclo III', 'Psicología del Trabajo');
INSERT INTO academico.malla_curricular (id, carrera_id, ciclo, curso) VALUES (136, 302, 'Ciclo III', 'Comportamiento Organizacional');
INSERT INTO academico.malla_curricular (id, carrera_id, ciclo, curso) VALUES (137, 302, 'Ciclo III', 'Estadística');
INSERT INTO academico.malla_curricular (id, carrera_id, ciclo, curso) VALUES (138, 302, 'Ciclo V', 'Reclutamiento y Selección de Personal');
INSERT INTO academico.malla_curricular (id, carrera_id, ciclo, curso) VALUES (139, 302, 'Ciclo V', 'Psicometría Aplicada');
INSERT INTO academico.malla_curricular (id, carrera_id, ciclo, curso) VALUES (140, 302, 'Ciclo V', 'Legislación Laboral');
INSERT INTO academico.malla_curricular (id, carrera_id, ciclo, curso) VALUES (141, 302, 'Ciclo VII', 'Evaluación del Desempeño y Compensaciones');
INSERT INTO academico.malla_curricular (id, carrera_id, ciclo, curso) VALUES (142, 302, 'Ciclo VII', 'Gestión del Clima y Cultura');
INSERT INTO academico.malla_curricular (id, carrera_id, ciclo, curso) VALUES (143, 302, 'Ciclo VII', 'Capacitación');
INSERT INTO academico.malla_curricular (id, carrera_id, ciclo, curso) VALUES (144, 302, 'Ciclo X', 'Prácticas Preprofesionales en Recursos Humanos II');
INSERT INTO academico.malla_curricular (id, carrera_id, ciclo, curso) VALUES (145, 302, 'Ciclo X', 'Responsabilidad Social');
INSERT INTO academico.carrera (id, categoria_id, nombre, descripcion, perfil_egresado, imagen, sucursales, campo_laboral) VALUES (303, 3, 'Ciencias de la Comunicación', 'Especialízate en periodismo, relaciones públicas, comunicación corporativa y producción de contenidos audiovisuales.', 'Comunicador multimedia versátil, preparado para elaborar narrativas informativas de alto impacto e implementar planes estratégicos de reputación digital.', 'https://images.unsplash.com/photo-1557804506-669a67965ba0?auto=format&fit=crop&q=80&w=600', '{"Lima"}', '{"Periodista y Redactor Multimedia en Medios Masivos e Internet","Director de Comunicación Corporativa y Relaciones Públicas","Productor y Realizador Audiovisual de Cine, Radio y TV","Gestor de Contenidos Digitales y Content Creator"}');
INSERT INTO academico.malla_curricular (id, carrera_id, ciclo, curso) VALUES (146, 303, 'Ciclo I', 'Teoría de la Comunicación I');
INSERT INTO academico.malla_curricular (id, carrera_id, ciclo, curso) VALUES (147, 303, 'Ciclo I', 'Lenguaje Periodístico');
INSERT INTO academico.malla_curricular (id, carrera_id, ciclo, curso) VALUES (148, 303, 'Ciclo I', 'Taller de Fotografía');
INSERT INTO academico.malla_curricular (id, carrera_id, ciclo, curso) VALUES (149, 303, 'Ciclo III', 'Periodismo Informativo');
INSERT INTO academico.malla_curricular (id, carrera_id, ciclo, curso) VALUES (150, 303, 'Ciclo III', 'Taller de Producción Radial');
INSERT INTO academico.malla_curricular (id, carrera_id, ciclo, curso) VALUES (151, 303, 'Ciclo III', 'Redacción Creativa');
INSERT INTO academico.malla_curricular (id, carrera_id, ciclo, curso) VALUES (152, 303, 'Ciclo V', 'Producción y Dirección Audiovisual I');
INSERT INTO academico.malla_curricular (id, carrera_id, ciclo, curso) VALUES (153, 303, 'Ciclo V', 'Comunicación Digital');
INSERT INTO academico.malla_curricular (id, carrera_id, ciclo, curso) VALUES (154, 303, 'Ciclo V', 'Opinión Pública');
INSERT INTO academico.malla_curricular (id, carrera_id, ciclo, curso) VALUES (155, 303, 'Ciclo VII', 'Relaciones Públicas e Imagen');
INSERT INTO academico.malla_curricular (id, carrera_id, ciclo, curso) VALUES (156, 303, 'Ciclo VII', 'Diseño y Edición Digital');
INSERT INTO academico.malla_curricular (id, carrera_id, ciclo, curso) VALUES (157, 303, 'Ciclo VII', 'Planificación de Medios');
INSERT INTO academico.malla_curricular (id, carrera_id, ciclo, curso) VALUES (158, 303, 'Ciclo X', 'Proyecto de Campaña de Comunicación II');
INSERT INTO academico.malla_curricular (id, carrera_id, ciclo, curso) VALUES (159, 303, 'Ciclo X', 'Ética Periodística');
INSERT INTO academico.malla_curricular (id, carrera_id, ciclo, curso) VALUES (160, 303, 'Ciclo X', 'Legislación de Medios');
INSERT INTO academico.carrera (id, categoria_id, nombre, descripcion, perfil_egresado, imagen, sucursales, campo_laboral) VALUES (401, 4, 'Administración de Empresas', 'Lidera organizaciones, diseña estrategias comerciales y administra recursos financieros eficientemente.', 'Administrador capaz de planificar, organizar, dirigir y controlar organizaciones de cualquier tamaño con visión global e innovadora.', 'https://images.unsplash.com/photo-1454165804606-c3d57bc86b40?auto=format&fit=crop&q=80&w=600', '{"Lima","Arequipa"}', '{"Gerente General o Administrador de Negocios Corporativos","Consultor Empresarial en Reingeniería de Procesos","Emprendedor y Creador de Nuevas Empresas (Startups)","Director de Planeamiento Estratégico y Finanzas Corporativas"}');
INSERT INTO academico.malla_curricular (id, carrera_id, ciclo, curso) VALUES (161, 401, 'Ciclo I', 'Fundamentos de Administración');
INSERT INTO academico.malla_curricular (id, carrera_id, ciclo, curso) VALUES (162, 401, 'Ciclo I', 'Matemática Financiera I');
INSERT INTO academico.malla_curricular (id, carrera_id, ciclo, curso) VALUES (163, 401, 'Ciclo I', 'Economía I');
INSERT INTO academico.malla_curricular (id, carrera_id, ciclo, curso) VALUES (164, 401, 'Ciclo III', 'Contabilidad General');
INSERT INTO academico.malla_curricular (id, carrera_id, ciclo, curso) VALUES (165, 401, 'Ciclo III', 'Administración de Procesos');
INSERT INTO academico.malla_curricular (id, carrera_id, ciclo, curso) VALUES (166, 401, 'Ciclo III', 'Estadística para Negocios');
INSERT INTO academico.malla_curricular (id, carrera_id, ciclo, curso) VALUES (167, 401, 'Ciclo V', 'Administración Financiera');
INSERT INTO academico.malla_curricular (id, carrera_id, ciclo, curso) VALUES (168, 401, 'Ciclo V', 'Gestión de Recursos Humanos');
INSERT INTO academico.malla_curricular (id, carrera_id, ciclo, curso) VALUES (169, 401, 'Ciclo V', 'Marketing Básico');
INSERT INTO academico.malla_curricular (id, carrera_id, ciclo, curso) VALUES (170, 401, 'Ciclo VII', 'Gestión Logística e Internacional');
INSERT INTO academico.malla_curricular (id, carrera_id, ciclo, curso) VALUES (171, 401, 'Ciclo VII', 'Formulación de Presupuestos');
INSERT INTO academico.malla_curricular (id, carrera_id, ciclo, curso) VALUES (172, 401, 'Ciclo VII', 'Comportamiento del Consumidor');
INSERT INTO academico.malla_curricular (id, carrera_id, ciclo, curso) VALUES (173, 401, 'Ciclo X', 'Gerencia Estratégica');
INSERT INTO academico.malla_curricular (id, carrera_id, ciclo, curso) VALUES (174, 401, 'Ciclo X', 'Juegos de Negocios (Simulaciones)');
INSERT INTO academico.malla_curricular (id, carrera_id, ciclo, curso) VALUES (175, 401, 'Ciclo X', 'Liderazgo y Emprendimiento');
INSERT INTO academico.carrera (id, categoria_id, nombre, descripcion, perfil_egresado, imagen, sucursales, campo_laboral) VALUES (402, 4, 'Contabilidad', 'Analiza e interpreta la información financiera para la toma de decisiones estratégicas y tributarias de las empresas.', 'Contador público certificado capacitado para auditar estados financieros, planificar estrategias tributarias y aplicar normas internacionales (NIIF).', 'https://images.unsplash.com/photo-1554224155-8d04cb21cd6c?auto=format&fit=crop&q=80&w=600', '{"Lima"}', '{"Contador General en Empresas Públicas o Privadas","Auditor Interno o Externo de Estados Financieros","Asesor de Planeamiento Tributario y Fiscal","Consultor en Costos Industriales y Presupuestos"}');
INSERT INTO academico.malla_curricular (id, carrera_id, ciclo, curso) VALUES (176, 402, 'Ciclo I', 'Introducción a la Contabilidad');
INSERT INTO academico.malla_curricular (id, carrera_id, ciclo, curso) VALUES (177, 402, 'Ciclo I', 'Principios de Administración');
INSERT INTO academico.malla_curricular (id, carrera_id, ciclo, curso) VALUES (178, 402, 'Ciclo I', 'Matemática Financiera');
INSERT INTO academico.malla_curricular (id, carrera_id, ciclo, curso) VALUES (179, 402, 'Ciclo III', 'Contabilidad Intermedia');
INSERT INTO academico.malla_curricular (id, carrera_id, ciclo, curso) VALUES (180, 402, 'Ciclo III', 'Derecho Mercantil');
INSERT INTO academico.malla_curricular (id, carrera_id, ciclo, curso) VALUES (181, 402, 'Ciclo III', 'Microeconomía');
INSERT INTO academico.malla_curricular (id, carrera_id, ciclo, curso) VALUES (182, 402, 'Ciclo V', 'Sistemas de Costos I');
INSERT INTO academico.malla_curricular (id, carrera_id, ciclo, curso) VALUES (183, 402, 'Ciclo V', 'Auditoría Financiera I');
INSERT INTO academico.malla_curricular (id, carrera_id, ciclo, curso) VALUES (184, 402, 'Ciclo V', 'Tributación I');
INSERT INTO academico.malla_curricular (id, carrera_id, ciclo, curso) VALUES (185, 402, 'Ciclo VII', 'Contabilidad Gubernamental');
INSERT INTO academico.malla_curricular (id, carrera_id, ciclo, curso) VALUES (186, 402, 'Ciclo VII', 'Finanzas Empresariales');
INSERT INTO academico.malla_curricular (id, carrera_id, ciclo, curso) VALUES (187, 402, 'Ciclo VII', 'Normas Internacionales NIIF');
INSERT INTO academico.malla_curricular (id, carrera_id, ciclo, curso) VALUES (188, 402, 'Ciclo X', 'Seminario de Contabilidad Integrada');
INSERT INTO academico.malla_curricular (id, carrera_id, ciclo, curso) VALUES (189, 402, 'Ciclo X', 'Peritaje Contable Judicinal');
INSERT INTO academico.malla_curricular (id, carrera_id, ciclo, curso) VALUES (190, 402, 'Ciclo X', 'Ética Contable');
INSERT INTO academico.carrera (id, categoria_id, nombre, descripcion, perfil_egresado, imagen, sucursales, campo_laboral) VALUES (403, 4, 'Marketing', 'Identifica necesidades del mercado, diseña marcas potentes y estructura planes de comercialización digital.', 'Mercadólogo estratega con conocimiento de métricas digitales, análisis del consumidor y gestión de campañas integradas de publicidad offline/online.', 'https://images.unsplash.com/photo-1460925895917-afdab827c52f?auto=format&fit=crop&q=80&w=600', '{"Arequipa"}', '{"Gerente de Marca (Brand Manager) y Producto","Director de Marketing Digital y Growth Hacking","Analista de Inteligencia de Mercado y Business Intelligence","Consultor de Publicidad y Relaciones Públicas"}');
INSERT INTO academico.malla_curricular (id, carrera_id, ciclo, curso) VALUES (191, 403, 'Ciclo I', 'Introducción al Marketing');
INSERT INTO academico.malla_curricular (id, carrera_id, ciclo, curso) VALUES (192, 403, 'Ciclo I', 'Comportamiento del Consumidor I');
INSERT INTO academico.malla_curricular (id, carrera_id, ciclo, curso) VALUES (193, 403, 'Ciclo I', 'Fundamentos de Economía');
INSERT INTO academico.malla_curricular (id, carrera_id, ciclo, curso) VALUES (194, 403, 'Ciclo III', 'Investigación de Mercados Cualitativa');
INSERT INTO academico.malla_curricular (id, carrera_id, ciclo, curso) VALUES (195, 403, 'Ciclo III', 'Marketing de Servicios');
INSERT INTO academico.malla_curricular (id, carrera_id, ciclo, curso) VALUES (196, 403, 'Ciclo III', 'Estadística Aplicada');
INSERT INTO academico.malla_curricular (id, carrera_id, ciclo, curso) VALUES (197, 403, 'Ciclo V', 'Marketing Digital y Redes Sociales');
INSERT INTO academico.malla_curricular (id, carrera_id, ciclo, curso) VALUES (198, 403, 'Ciclo V', 'Estrategia de Precios y Distribución');
INSERT INTO academico.malla_curricular (id, carrera_id, ciclo, curso) VALUES (199, 403, 'Ciclo V', 'Creatividad');
INSERT INTO academico.malla_curricular (id, carrera_id, ciclo, curso) VALUES (200, 403, 'Ciclo VII', 'Plan de Marketing Integrado');
INSERT INTO academico.malla_curricular (id, carrera_id, ciclo, curso) VALUES (201, 403, 'Ciclo VII', 'Comercio Electrónico (E-commerce)');
INSERT INTO academico.malla_curricular (id, carrera_id, ciclo, curso) VALUES (202, 403, 'Ciclo VII', 'Branding');
INSERT INTO academico.malla_curricular (id, carrera_id, ciclo, curso) VALUES (203, 403, 'Ciclo X', 'Gerencia de Marketing Avanzada');
INSERT INTO academico.malla_curricular (id, carrera_id, ciclo, curso) VALUES (204, 403, 'Ciclo X', 'Métricas de Marketing');
INSERT INTO academico.malla_curricular (id, carrera_id, ciclo, curso) VALUES (205, 403, 'Ciclo X', 'Neuromarketing');
INSERT INTO academico.carrera (id, categoria_id, nombre, descripcion, perfil_egresado, imagen, sucursales, campo_laboral) VALUES (404, 4, 'Negocios Internacionales', 'Planifica, gestiona y ejecuta operaciones comerciales internacionales como importaciones y exportaciones globales.', 'Profesional de comercio exterior capacitado para diseñar planes de internacionalización, negociar acuerdos bilaterales y gestionar logística aduanera de alta complejidad.', 'https://images.unsplash.com/photo-1522202176988-66273c2fd55f?auto=format&fit=crop&q=80&w=600', '{"Lima","Arequipa"}', '{"Gerente de Exportación o Importación (Exim Manager)","Brokers de Negociación Internacional y Comisionista","Operador y Gestor en Aduanas y Puertos","Consultor de Relaciones Comerciales Internacionales"}');
INSERT INTO academico.malla_curricular (id, carrera_id, ciclo, curso) VALUES (206, 404, 'Ciclo I', 'Introducción a los Negocios Internacionales');
INSERT INTO academico.malla_curricular (id, carrera_id, ciclo, curso) VALUES (207, 404, 'Ciclo I', 'Geografía Económica');
INSERT INTO academico.malla_curricular (id, carrera_id, ciclo, curso) VALUES (208, 404, 'Ciclo I', 'Matemática Básica');
INSERT INTO academico.malla_curricular (id, carrera_id, ciclo, curso) VALUES (209, 404, 'Ciclo III', 'Comercio Internacional');
INSERT INTO academico.malla_curricular (id, carrera_id, ciclo, curso) VALUES (210, 404, 'Ciclo III', 'Derecho Comercial y Aduanero');
INSERT INTO academico.malla_curricular (id, carrera_id, ciclo, curso) VALUES (211, 404, 'Ciclo III', 'Logística y Distribución');
INSERT INTO academico.malla_curricular (id, carrera_id, ciclo, curso) VALUES (212, 404, 'Ciclo V', 'Inteligencia Comercial Internacional');
INSERT INTO academico.malla_curricular (id, carrera_id, ciclo, curso) VALUES (213, 404, 'Ciclo V', 'Acuerdos y Tratados Internacionales');
INSERT INTO academico.malla_curricular (id, carrera_id, ciclo, curso) VALUES (214, 404, 'Ciclo V', 'Costos Exim');
INSERT INTO academico.malla_curricular (id, carrera_id, ciclo, curso) VALUES (215, 404, 'Ciclo VII', 'Financiamiento del Comercio Exterior');
INSERT INTO academico.malla_curricular (id, carrera_id, ciclo, curso) VALUES (216, 404, 'Ciclo VII', 'Negociaciones Interculturales');
INSERT INTO academico.malla_curricular (id, carrera_id, ciclo, curso) VALUES (217, 404, 'Ciclo VII', 'Marketing Global');
INSERT INTO academico.malla_curricular (id, carrera_id, ciclo, curso) VALUES (218, 404, 'Ciclo X', 'Plan de Internacionalización II');
INSERT INTO academico.malla_curricular (id, carrera_id, ciclo, curso) VALUES (219, 404, 'Ciclo X', 'Ética en los Negocios Globales');
INSERT INTO academico.malla_curricular (id, carrera_id, ciclo, curso) VALUES (220, 404, 'Ciclo X', 'Logística Internacional');
INSERT INTO academico.carrera (id, categoria_id, nombre, descripcion, perfil_egresado, imagen, sucursales, campo_laboral) VALUES (501, 5, 'Diseño Gráfico', 'Expresa ideas visuales a través de medios digitales e impresos con innovación, estética e impacto comercial.', 'Diseñador creativo idóneo en branding, diagramación digital, ilustración publicitaria, interfaces web y producción multimedia interactiva.', 'https://images.unsplash.com/photo-1626785774573-4b799315345d?auto=format&fit=crop&q=80&w=600', '{"Lima"}', '{"Director de Arte y Diseñador Gráfico en Agencias de Publicidad","Diseñador UX/UI de páginas web y aplicaciones móviles","Ilustrador Publicitario y Creador de Identidad Visual","Diseñador Editorial y Diagramador de Revistas y Libros"}');
INSERT INTO academico.malla_curricular (id, carrera_id, ciclo, curso) VALUES (221, 501, 'Ciclo I', 'Fundamentos Visuales y Composición');
INSERT INTO academico.malla_curricular (id, carrera_id, ciclo, curso) VALUES (222, 501, 'Ciclo I', 'Taller de Dibujo y Expresión');
INSERT INTO academico.malla_curricular (id, carrera_id, ciclo, curso) VALUES (223, 501, 'Ciclo I', 'Historia del Arte');
INSERT INTO academico.malla_curricular (id, carrera_id, ciclo, curso) VALUES (224, 501, 'Ciclo III', 'Tipografía I');
INSERT INTO academico.malla_curricular (id, carrera_id, ciclo, curso) VALUES (225, 501, 'Ciclo III', 'Ilustración Digital Vectorial');
INSERT INTO academico.malla_curricular (id, carrera_id, ciclo, curso) VALUES (226, 501, 'Ciclo III', 'Fotografía Publicitaria');
INSERT INTO academico.malla_curricular (id, carrera_id, ciclo, curso) VALUES (227, 501, 'Ciclo V', 'Diseño de Identidad Corporativa (Branding)');
INSERT INTO academico.malla_curricular (id, carrera_id, ciclo, curso) VALUES (228, 501, 'Ciclo V', 'Diseño Editorial');
INSERT INTO academico.malla_curricular (id, carrera_id, ciclo, curso) VALUES (229, 501, 'Ciclo V', 'Taller de Preprensa');
INSERT INTO academico.malla_curricular (id, carrera_id, ciclo, curso) VALUES (230, 501, 'Ciclo VII', 'Diseño Digital UX/UI');
INSERT INTO academico.malla_curricular (id, carrera_id, ciclo, curso) VALUES (231, 501, 'Ciclo VII', 'Animación en 2D y Motion Graphics');
INSERT INTO academico.malla_curricular (id, carrera_id, ciclo, curso) VALUES (232, 501, 'Ciclo VII', 'Estrategia Publicitaria');
INSERT INTO academico.malla_curricular (id, carrera_id, ciclo, curso) VALUES (233, 501, 'Ciclo X', 'Portafolio Profesional y Proyecto Integrador');
INSERT INTO academico.malla_curricular (id, carrera_id, ciclo, curso) VALUES (234, 501, 'Ciclo X', 'Gestión y Presupuesto de Diseño');
INSERT INTO academico.carrera (id, categoria_id, nombre, descripcion, perfil_egresado, imagen, sucursales, campo_laboral) VALUES (502, 5, 'Arquitectura', 'Proyecta y construye espacios habitables integrando funcionalidad, belleza estética y sostenibilidad urbana.', 'El arquitecto UTP planifica y diseña proyectos inmobiliarios sostenibles, aplicando herramientas BIM de modelado 3D de última generación.', 'https://images.unsplash.com/photo-1503387762-592deb58ef4e?auto=format&fit=crop&q=80&w=600', '{"Lima","Arequipa"}', '{"Arquitecto Diseñador en Firmas de Arquitectura y Urbanismo","Gerente o Residente de Proyectos de Construcción Inmobiliaria","Consultor en Planeamiento Urbano y Catastros Municipales","Modelador BIM y Renderizador Profesional de Espacios 3D"}');
INSERT INTO academico.malla_curricular (id, carrera_id, ciclo, curso) VALUES (235, 502, 'Ciclo I', 'Taller de Diseño Básico I');
INSERT INTO academico.malla_curricular (id, carrera_id, ciclo, curso) VALUES (236, 502, 'Ciclo I', 'Dibujo Técnico y Geometría');
INSERT INTO academico.malla_curricular (id, carrera_id, ciclo, curso) VALUES (237, 502, 'Ciclo I', 'Matemática General');
INSERT INTO academico.malla_curricular (id, carrera_id, ciclo, curso) VALUES (238, 502, 'Ciclo III', 'Taller de Diseño Arquitectónico II');
INSERT INTO academico.malla_curricular (id, carrera_id, ciclo, curso) VALUES (239, 502, 'Ciclo III', 'Historia de la Arquitectura I');
INSERT INTO academico.malla_curricular (id, carrera_id, ciclo, curso) VALUES (240, 502, 'Ciclo III', 'Física Aplicada');
INSERT INTO academico.malla_curricular (id, carrera_id, ciclo, curso) VALUES (241, 502, 'Ciclo V', 'Taller de Diseño de Edificación I');
INSERT INTO academico.malla_curricular (id, carrera_id, ciclo, curso) VALUES (242, 502, 'Ciclo V', 'Sistemas Estructurales I');
INSERT INTO academico.malla_curricular (id, carrera_id, ciclo, curso) VALUES (243, 502, 'Ciclo V', 'Tecnología de Materiales');
INSERT INTO academico.malla_curricular (id, carrera_id, ciclo, curso) VALUES (244, 502, 'Ciclo VII', 'Taller de Diseño Urbano I');
INSERT INTO academico.malla_curricular (id, carrera_id, ciclo, curso) VALUES (245, 502, 'Ciclo VII', 'Instalaciones en Edificaciones');
INSERT INTO academico.malla_curricular (id, carrera_id, ciclo, curso) VALUES (246, 502, 'Ciclo VII', 'Arquitectura Bioclimática');
INSERT INTO academico.malla_curricular (id, carrera_id, ciclo, curso) VALUES (247, 502, 'Ciclo X', 'Taller de Fin de Carrera (Tesis)');
INSERT INTO academico.malla_curricular (id, carrera_id, ciclo, curso) VALUES (248, 502, 'Ciclo X', 'Construcción Sostenible');
INSERT INTO academico.malla_curricular (id, carrera_id, ciclo, curso) VALUES (249, 502, 'Ciclo X', 'Gestión Inmobiliaria');
INSERT INTO academico.carrera (id, categoria_id, nombre, descripcion, perfil_egresado, imagen, sucursales, campo_laboral) VALUES (503, 5, 'Ciencias de la Educación', 'Forma a las futuras generaciones liderando procesos de enseñanza y aprendizaje con metodologías modernas.', 'Docente líder capaz de estructurar currículos de aprendizaje con metodologías neuroeducativas e inclusión tecnológica en el aula.', 'https://images.unsplash.com/photo-1497633762265-9d179a990aa6?auto=format&fit=crop&q=80&w=600', '{"Arequipa"}', '{"Docente en Colegios Públicos y Privados","Diseñador de Contenidos y Programas Educativos Multimedia","Director o Gestor de Centros Educativos","Consultor de Políticas de Acreditación y Calidad Educativa"}');
INSERT INTO academico.malla_curricular (id, carrera_id, ciclo, curso) VALUES (250, 503, 'Ciclo I', 'Introducción a las Ciencias de la Educación');
INSERT INTO academico.malla_curricular (id, carrera_id, ciclo, curso) VALUES (251, 503, 'Ciclo I', 'Filosofía de la Educación');
INSERT INTO academico.malla_curricular (id, carrera_id, ciclo, curso) VALUES (252, 503, 'Ciclo I', 'Psicología General');
INSERT INTO academico.malla_curricular (id, carrera_id, ciclo, curso) VALUES (253, 503, 'Ciclo III', 'Psicología del Aprendizaje');
INSERT INTO academico.malla_curricular (id, carrera_id, ciclo, curso) VALUES (254, 503, 'Ciclo III', 'Teoría Curricular I');
INSERT INTO academico.malla_curricular (id, carrera_id, ciclo, curso) VALUES (255, 503, 'Ciclo III', 'Desarrollo del Lenguaje y Lectoescritura');
INSERT INTO academico.malla_curricular (id, carrera_id, ciclo, curso) VALUES (256, 503, 'Ciclo V', 'Didáctica de las Áreas Básicas');
INSERT INTO academico.malla_curricular (id, carrera_id, ciclo, curso) VALUES (257, 503, 'Ciclo V', 'Evaluación del Aprendizaje');
INSERT INTO academico.malla_curricular (id, carrera_id, ciclo, curso) VALUES (258, 503, 'Ciclo V', 'Tecnología Educativa');
INSERT INTO academico.malla_curricular (id, carrera_id, ciclo, curso) VALUES (259, 503, 'Ciclo VII', 'Educación Inclusiva y Necesidades Especiales');
INSERT INTO academico.malla_curricular (id, carrera_id, ciclo, curso) VALUES (260, 503, 'Ciclo VII', 'Práctica Docente Continua I');
INSERT INTO academico.malla_curricular (id, carrera_id, ciclo, curso) VALUES (261, 503, 'Ciclo VII', 'Neuroeducación');
INSERT INTO academico.malla_curricular (id, carrera_id, ciclo, curso) VALUES (262, 503, 'Ciclo X', 'Seminario de Tesis II');
INSERT INTO academico.malla_curricular (id, carrera_id, ciclo, curso) VALUES (263, 503, 'Ciclo X', 'Dirección y Gestión de Instituciones Educativas');
INSERT INTO academico.carrera (id, categoria_id, nombre, descripcion, perfil_egresado, imagen, sucursales, campo_laboral) VALUES (601, 6, 'Estadística', 'Analiza grandes volúmenes de datos aplicando modelos matemáticos para predecir tendencias y sustentar decisiones.', 'Profesional de datos (Data Scientist) apto para formular algoritmos predictivos, limpiar datos estructurados y proponer insights a gerencias de negocios.', 'https://images.unsplash.com/photo-1551288049-bebda4e38f71?auto=format&fit=crop&q=80&w=600', '{"Lima","Arequipa"}', '{"Científico o Analista de Datos (Data Scientist / Data Analyst)","Consultor en Modelos Actuariales de Seguros y Pensiones","Especialista en Estudios de Opinión Pública y Demografía","Analista de Riesgo de Crédito en Banca y Microfinanzas"}');
INSERT INTO academico.malla_curricular (id, carrera_id, ciclo, curso) VALUES (264, 601, 'Ciclo I', 'Matemática General I');
INSERT INTO academico.malla_curricular (id, carrera_id, ciclo, curso) VALUES (265, 601, 'Ciclo I', 'Introducción a la Estadística');
INSERT INTO academico.malla_curricular (id, carrera_id, ciclo, curso) VALUES (266, 601, 'Ciclo I', 'Fundamentos de Programación');
INSERT INTO academico.malla_curricular (id, carrera_id, ciclo, curso) VALUES (267, 601, 'Ciclo III', 'Cálculo de Varias Variables');
INSERT INTO academico.malla_curricular (id, carrera_id, ciclo, curso) VALUES (268, 601, 'Ciclo III', 'Estadística Descriptiva');
INSERT INTO academico.malla_curricular (id, carrera_id, ciclo, curso) VALUES (269, 601, 'Ciclo III', 'Álgebra Lineal I');
INSERT INTO academico.malla_curricular (id, carrera_id, ciclo, curso) VALUES (270, 601, 'Ciclo V', 'Inferencia Estadística');
INSERT INTO academico.malla_curricular (id, carrera_id, ciclo, curso) VALUES (271, 601, 'Ciclo V', 'Modelos de Regresión Lineal');
INSERT INTO academico.malla_curricular (id, carrera_id, ciclo, curso) VALUES (272, 601, 'Ciclo V', 'Análisis de Datos con R y Python');
INSERT INTO academico.malla_curricular (id, carrera_id, ciclo, curso) VALUES (273, 601, 'Ciclo VII', 'Procesos Estocásticos');
INSERT INTO academico.malla_curricular (id, carrera_id, ciclo, curso) VALUES (274, 601, 'Ciclo VII', 'Series de Tiempo y Pronósticos');
INSERT INTO academico.malla_curricular (id, carrera_id, ciclo, curso) VALUES (275, 601, 'Ciclo VII', 'Minería de Datos');
INSERT INTO academico.malla_curricular (id, carrera_id, ciclo, curso) VALUES (276, 601, 'Ciclo X', 'Proyecto de Fin de Carrera II');
INSERT INTO academico.malla_curricular (id, carrera_id, ciclo, curso) VALUES (277, 601, 'Ciclo X', 'Modelos Estadísticos Avanzados');
INSERT INTO academico.malla_curricular (id, carrera_id, ciclo, curso) VALUES (278, 601, 'Ciclo X', 'Control Estadístico de Procesos');
INSERT INTO academico.carrera (id, categoria_id, nombre, descripcion, perfil_egresado, imagen, sucursales, campo_laboral) VALUES (602, 6, 'Física', 'Estudia los principios fundamentales de la materia, la energía, el espacio y el tiempo a nivel teórico y práctico.', 'Físico investigador capacitado en modelado matemático de sistemas físicos, computación científica y física médica aplicada.', 'https://images.unsplash.com/photo-1635070041078-e363dbe005cb?auto=format&fit=crop&q=80&w=600', '{"Lima"}', '{"Investigador Científico en Centros Tecnológicos y Nucleares","Consultor en Modelamiento Físico Computacional y Clima","Físico Médico en Radioterapia y Medicina Nuclear en Hospitales","Docente e Investigador en Universidades Nacionales y Extranjeras"}');
INSERT INTO academico.malla_curricular (id, carrera_id, ciclo, curso) VALUES (279, 602, 'Ciclo I', 'Introducción a la Física');
INSERT INTO academico.malla_curricular (id, carrera_id, ciclo, curso) VALUES (280, 602, 'Ciclo I', 'Cálculo I');
INSERT INTO academico.malla_curricular (id, carrera_id, ciclo, curso) VALUES (281, 602, 'Ciclo I', 'Matemática Básica');
INSERT INTO academico.malla_curricular (id, carrera_id, ciclo, curso) VALUES (282, 602, 'Ciclo III', 'Mecánica Clásica I');
INSERT INTO academico.malla_curricular (id, carrera_id, ciclo, curso) VALUES (283, 602, 'Ciclo III', 'Ecuaciones Diferenciales I');
INSERT INTO academico.malla_curricular (id, carrera_id, ciclo, curso) VALUES (284, 602, 'Ciclo III', 'Física Experimental I');
INSERT INTO academico.malla_curricular (id, carrera_id, ciclo, curso) VALUES (285, 602, 'Ciclo V', 'Electromagnetismo I');
INSERT INTO academico.malla_curricular (id, carrera_id, ciclo, curso) VALUES (286, 602, 'Ciclo V', 'Física Matemática');
INSERT INTO academico.malla_curricular (id, carrera_id, ciclo, curso) VALUES (287, 602, 'Ciclo V', 'Termodinámica Estadística');
INSERT INTO academico.malla_curricular (id, carrera_id, ciclo, curso) VALUES (288, 602, 'Ciclo VII', 'Mecánica Cuántica I');
INSERT INTO academico.malla_curricular (id, carrera_id, ciclo, curso) VALUES (289, 602, 'Ciclo VII', 'Física del Estado Sólido');
INSERT INTO academico.malla_curricular (id, carrera_id, ciclo, curso) VALUES (290, 602, 'Ciclo VII', 'Computación para Físicos');
INSERT INTO academico.malla_curricular (id, carrera_id, ciclo, curso) VALUES (291, 602, 'Ciclo X', 'Proyecto de Tesis II');
INSERT INTO academico.malla_curricular (id, carrera_id, ciclo, curso) VALUES (292, 602, 'Ciclo X', 'Física de Altas Energías');
INSERT INTO academico.malla_curricular (id, carrera_id, ciclo, curso) VALUES (293, 602, 'Ciclo X', 'Relatividad General');
INSERT INTO academico.carrera (id, categoria_id, nombre, descripcion, perfil_egresado, imagen, sucursales, campo_laboral) VALUES (603, 6, 'Química', 'Investiga la estructura, propiedades y transformaciones de la materia para innovar en sectores industriales y farmacéuticos.', 'Profesional idóneo para supervisar control de calidad de laboratorios químicos, sintetizar nuevos compuestos orgánicos y gestionar el tratamiento ambiental.', 'https://images.unsplash.com/photo-1532187643603-ba119ca4109e?auto=format&fit=crop&q=80&w=600', '{"Arequipa"}', '{"Analista de Laboratorio de Control de Calidad Químico y Farmacéutico","Jefe de Investigación y Desarrollo de Nuevos Materiales Químicos","Supervisor de Calidad y Tratamientos Ambientales de Minería","Investigador en Síntesis Orgánica e Innovación Química"}');
INSERT INTO academico.malla_curricular (id, carrera_id, ciclo, curso) VALUES (294, 603, 'Ciclo I', 'Química General I');
INSERT INTO academico.malla_curricular (id, carrera_id, ciclo, curso) VALUES (295, 603, 'Ciclo I', 'Matemática I');
INSERT INTO academico.malla_curricular (id, carrera_id, ciclo, curso) VALUES (296, 603, 'Ciclo I', 'Biología General');
INSERT INTO academico.malla_curricular (id, carrera_id, ciclo, curso) VALUES (297, 603, 'Ciclo III', 'Química Orgánica I');
INSERT INTO academico.malla_curricular (id, carrera_id, ciclo, curso) VALUES (298, 603, 'Ciclo III', 'Físicoquímica General I');
INSERT INTO academico.malla_curricular (id, carrera_id, ciclo, curso) VALUES (299, 603, 'Ciclo III', 'Cálculo Integral');
INSERT INTO academico.malla_curricular (id, carrera_id, ciclo, curso) VALUES (300, 603, 'Ciclo V', 'Química Analítica Cuantitativa');
INSERT INTO academico.malla_curricular (id, carrera_id, ciclo, curso) VALUES (301, 603, 'Ciclo V', 'Espectroscopía');
INSERT INTO academico.malla_curricular (id, carrera_id, ciclo, curso) VALUES (302, 603, 'Ciclo V', 'Termodinámica Química');
INSERT INTO academico.malla_curricular (id, carrera_id, ciclo, curso) VALUES (303, 603, 'Ciclo VII', 'Bioquímica General');
INSERT INTO academico.malla_curricular (id, carrera_id, ciclo, curso) VALUES (304, 603, 'Ciclo VII', 'Química Ambiental e Industrial');
INSERT INTO academico.malla_curricular (id, carrera_id, ciclo, curso) VALUES (305, 603, 'Ciclo VII', 'Operaciones Unitarias');
INSERT INTO academico.malla_curricular (id, carrera_id, ciclo, curso) VALUES (306, 603, 'Ciclo X', 'Proyecto de Tesis II');
INSERT INTO academico.malla_curricular (id, carrera_id, ciclo, curso) VALUES (307, 603, 'Ciclo X', 'Nanotecnología Química');
INSERT INTO academico.malla_curricular (id, carrera_id, ciclo, curso) VALUES (308, 603, 'Ciclo X', 'Gestión de Laboratorios Químicos');